{
    "versions": [
        {
            "id": 16095,
            "sref": "refs/heads/master",
            "slean": "cd2e4edeb1defc2aa55959c81fb2d4d28e39021c",
            "sleancloud": "9182c008a402a9bccc6d8f8693d304aa5166d631",
            "sdescription": "Upgrades to backend QuantConnect operations",
            "sname": "master",
            "bpublic": 1,
            "itimestamp": "2023-12-19 12:34:19",
            "benchmark_basic": 277620.79815809673,
            "benchmark_equity_400_minute": 811897.5550122249,
            "benchmark_equity_1_second": 292852.1058965102,
            "benchmark_cs_indicator": 194778.61842105264,
            "benchmark_cs_history": 188685.23119392685,
            "benchmark_cs_schedule_events": 277208.55683269474,
            "benchmark_py_basic": 188799.53027139875,
            "benchmark_py_equity_400_minute": 591075.2936988252,
            "benchmark_py_equity_1_second": 221740.41002277905,
            "benchmark_py_indicator": 48344.961715160796,
            "benchmark_py_history": 68164.45940890386,
            "benchmark_py_schedule_events": 151046.83368128046,
            "benchmark_py_universe_coarsefine": 280289.35978358885,
            "benchmark_cs_universe_coarsefine": 269674.8281786941,
            "benchmark_py_universe_stateful": 111991.72064207266,
            "benchmark_cs_universe_stateful": 177753.62705829996,
            "benchmark_py_universe_stateless": 137067.5360329444,
            "benchmark_cs_universe_stateless": 193140.6189555126
        }
    ],
    "success": true
}